Model,BLEU Score,Semantic Coherence,Factual Accuracy,Content Coverage
facebook/bart-large-cnn,0.3488121983156154,0.655735972296425,0.45834864737274555,0.3716193256758687
t5-large,0.3397876196809291,0.7552539741999943,0.4572646019979348,0.4089083535398816
sshleifer/distilbart-cnn-12-6,0.30525945503925905,0.7083274464748222,0.5217209042936393,0.4839188430368327
google/pegasus-large,0.36171531600300605,0.7071036571216202,0.4205615814669096,0.36300444733998205
allenai/led-large-16384-arxiv,0.15297269719096934,0.24386817993023566,0.2840985023975071,0.1863623239869932
